rewards_per_episode,downtime_per_episode
11837,80.66639999997119
24732,561.1744000004267
37592,558.4712000004248
50358,621.4136000004245
63247,552.1224000004263
75935,559.0912000004254
88759,552.0232000004249
101743,551.8496000004282
114670,551.899200000427
127567,552.0480000004271
140379,552.4200000004271
